1,CID100005073,risperidone,"NCT00287742, NCT00034762"
2,CID100041317,acitretin,NCT01078168
3,CID100004054,memantine,"NCT00857649, NCT00857233"
4,CID100060795,aripiprazole,NCT00036114
5,CID100003672,ibuprofen,NCT00239746
6,CID126275995,minocycline,NCT01463384
7,CID100005426,thalidomide,NCT01094340
8,CID100003386,fluoxetine,
9,CID100002771,citalopram,NCT00898807
10,CID103062316,dasatinib,NCT04063124
11,CID100005656,venlafaxine,NCT01609348
12,CID100004691,paroxetine,
13,CID100004900,prednisone,NCT00000178
14,CID100005376,tamoxifen,
15,CID100002094,allopurinol,
16,CID100004042,medroxyprogesterone acetate,NCT00066157
17,CID100003152,donepezil,"NCT01023867, NCT02787746"
18,CID100071616,voriconazole,
19,CID100003715,indomethacin,NCT00432081
20,CID100125889,pregabalin,
21,CID100005095,ropinirole,
22,CID100004585,olanzapine,
23,CID100005291,imatinib,
24,CID100206527,L-Dmp,
25,CID100002909,cyclosporine,
26,CID100004112,methotrexate,
27,CID100002130,amantadine,
28,CID100002156,amiodarone,
29,CID100005203,sertraline,NCT00086138
30,CID100005538,alitretinoin,
31,CID100002443,bromocriptine,NCT04413344
32,CID100005064,ribavirin,
33,CID100002907,cyclophosphamide,
34,CID110113978,pazopanib,
35,CID100003883,lansoprazole,
36,CID100002477,buspirone,
37,CID100002244,acetylsalicylic acid,
38,CID100004271,mycophenolate mofetil,
39,CID100002833,colchicine,
40,CID100216239,sorafenib,
41,CID100002801,clomipramine,
42,CID103086686,sunitinib,
43,CID100005210,sibutramine,
44,CID171306834,interferon.a-2.,
45,CID100003488,glyburide,
46,CID100004745,pergolide,
47,CID100093860,bortezomib,
48,CID100002719,chloroquine,
49,CID100002662,celecoxib,
50,CID100060853,ziprasidone,
51,CID100054373,octreotide,
52,CID100005734,zonisamide,
53,CID100216326,lenalidomide,
54,CID100005212,sildenafil,
55,CID100005526,tranexamic acid,
56,CID100003331,felbamate,
57,CID100068740,zoledronic acid,
58,CID106442177,everolimus,
59,CID100003075,diltiazem,
60,CID100002250,atorvastatin,NCT00751907
61,CID100004091,metformin,
62,CID100004594,omeprazole,
63,CID100147912,posaconazole,
64,CID100003108,dipyridamole,
65,CID100003446,gabapentin,
66,CID100005514,topiramate,
67,CID100216416,lasofoxifene,
68,CID100003475,gliclazide,
69,CID100003404,fluvoxamine,
70,CID100004205,mirtazapine,NCT01867775
71,CID100004829,pioglitazone,"NCT02284906, NCT00982202"
72,CID100003652,hydroxychloroquine,
73,CID100060953,capecitabine,
74,CID100004666,paclitaxel,
75,CID100003019,diazoxide,
76,CID100002764,ciprofloxacin,
77,CID100000581,acetylcysteine,
78,CID100003961,losartan,
79,CID100004885,pramipexole,NCT01388478
80,CID100006058,cysteamine,
81,CID100004583,levofloxacin,
82,CID100003117,disulfiram,
83,CID100115237,paliperidone,
84,CID100004075,mesalazine,
85,CID100004159,methylprednisolone,
86,CID100016362,pimozide,
87,CID100005040,sirolimus,NCT04629495
88,CID100002756,cimetidine,
89,CID100004425,naloxone,
90,CID100003121,valproic acid,NCT00071721
91,CID100002520,verapamil,
92,CID100005978,vincristine,
93,CID100002767,cisplatin,
94,CID100216235,sitaxentan,
95,CID100005523,tramadol,
96,CID100002519,caffeine,NCT04570085
97,CID100003878,lamotrigine,
98,CID100003015,cyproterone acetate,
99,CID100003007,amphetamine,
100,CID100004158,methylphenidate,NCT03811847
101,CID100002684,cevimeline,
102,CID100003032,diclofenac,
103,CID100004053,melphalan,
104,CID100005052,reserpine,
105,CID100005070,riluzole,NCT01703117
106,CID100005358,sumatriptan,
107,CID124826799,ponatinib,
108,CID100005718,zalcitabine,
109,CID100039042,bezafibrate,
110,CID100005029,rabeprazole,
111,CID100002803,clonidine,
112,CID100054688,clarithromycin,
113,CID100002585,carvedilol,NCT01354444
114,CID100002806,clopidogrel,
115,CID100002349,benzylpenicillin,
116,CID100003657,hydroxyurea,
117,CID100001301,naproxen,
118,CID100119607,valdecoxib,
119,CID100054454,simvastatin,"NCT00486044, NCT01142336"
120,CID100004428,naltrexone,
121,CID100000305,choline,
122,CID100023994,zinc,
123,CID100005566,trifluoperazine,
124,CID100004894,prednisolone,
125,CID100072466,bleomycin,
126,CID100005311,vorinostat,NCT03056495
127,CID100065999,telmisartan,NCT02085265
128,CID100003750,irinotecan,
129,CID100082146,bexarotene,NCT01782742
130,CID100004932,propafenone,
131,CID100013342,vinblastine,
132,CID100122316,rasagiline,NCT02359552
133,CID100004168,metoclopramide,
134,CID100110635,tadalafil,
135,CID100002550,captopril,
136,CID106918456,prasugrel,
137,CID100005002,quetiapine,NCT00375557
138,CID100002972,deferiprone,NCT03234686
139,CID100003278,etacrynic acid,
140,CID100005032,pseudoephedrine,
141,CID100005077,rivastigmine,"NCT02703636, NCT00423085"
142,CID100004449,nefazodone,
143,CID100023925,iron,
144,CID100004599,orlistat,
145,CID104659569,tolcapone,
146,CID100002754,cilostazol,
147,CID100004679,pantoprazole,
148,CID100005195,selegiline,
149,CID103081361,vandetanib,
150,CID100003639,hydrochlorothiazide,
151,CID100176870,erlotinib,
152,CID100002512,cabergoline,
153,CID100004542,levonorgestrel,
154,CID100003345,fentanyl,
155,CID100071158,acamprosate,
156,CID100005372,tacrolimus,
157,CID110182969,apixaban,
158,CID100000450,estradiol,NCT00066157
159,CID110324367,boceprevir,
160,CID100004920,progesterone,
161,CID100037720,pentosan polysulfate,
162,CID100001690,epirubicin,
163,CID100004943,propofol,
164,CID100077998,rosiglitazone,"NCT00265148, NCT00428090"
165,CID100000444,bupropion,
166,CID100003157,doxazosin,
167,CID109941444,pasireotide,
168,CID100016230,amiloride,
169,CID100002949,danazol,
170,CID100034312,oxcarbazepine,
171,CID100003454,ganciclovir,
172,CID100042955,misoprostol,
173,CID100003339,fenofibrate,
174,CID100003911,Leuprorelin,
175,CID100002153,theophylline,
176,CID100003823,ketoconazole,
177,CID100003143,docetaxel,
178,CID106323497,rifapentine,
179,CID125880656,doxycycline,"NCT00439166, NCT00715858"
180,CID100004051,meloxicam,
181,CID100003449,galantamine,"NCT01054976, NCT00814801"
182,CID105001396,warfarin,
183,CID100005591,troglitazone,
184,CID100004212,mitoxantrone,
185,CID100002794,clofazimine,
186,CID100005035,raloxifene,NCT00368459
187,CID100002159,amisulpride,
188,CID100003899,leflunomide,
189,CID100003397,flutamide,
190,CID100028486,lithium cation,
191,CID116137271,insulin,
192,CID100005453,thiotepa,
193,CID105353980,sulfasalazine,
194,CID100065856,reboxetine,
195,CID106433119,rivaroxaban,
196,CID100000942,nicotine,
197,CID100004173,metronidazole,
198,CID100005625,delavirdine,
199,CID100170361,varenicline,NCT00744978
200,CID100002554,carbamazepine,
201,CID100000937,niacin,
202,CID100000853,levothyroxine,
203,CID100002800,clomifene,
204,CID100003519,guanfacine,
205,CID100158781,olmesartan,
206,CID111167602,regorafenib,
207,CID100004196,mifepristone,
208,CID100027661,isosorbide mononitrate,
209,CID100002284,baclofen,
210,CID100003333,felodipine,
211,CID100000085,levocarnitine,NCT02955706
212,CID100003779,isoprenaline,
213,CID100004946,propranolol,
214,CID100003463,gemfibrozil,
215,CID100000896,melatonin,
216,CID100002955,dapsone,
217,CID100003222,enalapril,
218,CID100003690,ifosfamide,
219,CID100004915,procarbazine,
220,CID100065370,glat,
221,CID100003388,fluphenazine,
222,CID106850791,leuprorelin,
223,CID100000838,epinephrine,
224,CID100005090,rofecoxib,
225,CID100003372,fluphenazine,
226,CID100005645,ursodeoxycholic acid,
227,CID100003793,itraconazole,
228,CID104659568,entacapone,
229,CID123690938,piroxicam,
230,CID100003962,lovastatin,
231,CID100003767,isoniazid,
232,CID100003385,fluorouracil,
233,CID100004235,moclobemide,
234,CID100005466,tiagabine,
235,CID100129228,rufinamide,
236,CID100060834,duloxetine,
237,CID100000596,cytarabine,
238,CID100003517,guanabenz,
239,CID100002478,busulfan,
240,CID100002548,capsaicin,
241,CID100002187,anastrozole,
242,CID100115355,nitisinone,
243,CID100004485,nifedipine,
244,CID100003394,flurbiprofen,
245,CID100134018,febuxostat,
246,CID100004740,pentoxifylline,
247,CID100056959,ranolazine,
248,CID100104865,bosentan,
249,CID100005352,sulindac,
250,CID100002708,chlorambucil,
251,CID100005487,tizanidine,
252,CID100002162,amlodipine,
253,CID116129704,bivalirudin,
254,CID100002375,bicalutamide,
255,CID100006018,tetrabenazine,
256,CID100002563,carbidopa,
257,CID100005472,ticlopidine,
258,CID100054840,atomoxetine,
259,CID109818231,tofacitinib,
260,CID100011125,lithium,
261,CID104369359,sitagliptin,
262,CID100002462,budesonide,
263,CID100004889,pravastatin,
264,CID100002973,deferoxamine,
265,CID100057469,imiquimod,
266,CID100644241,nilotinib,NCT02947893
267,CID100005665,vigabatrin,
268,CID100148191,temsirolimus,
269,CID109812414,dalteparin,
270,CID100004259,moxifloxacin,
271,CID100003825,ketoprofen,
272,CID100002726,chlorpromazine,
273,CID100005877,demethyl,
274,CID100004819,pilocarpine,
275,CID100004991,pyridostigmine,
276,CID100002215,apomorphine,
277,CID100002145,aminoglutethimide,
278,CID100004236,modafinil,"NCT01172145, NCT00626210"
279,CID100001125,sapropterin,
280,CID100002818,clozapine,
281,CID100003821,ketamine,
282,CID100001972,amphotericin b,
283,CID125880664,tetracycline,
284,CID100004272,mycophenolic acid,
285,CID100003637,hydralazine,NCT04842552
286,CID109846180,eltrombopag,
287,CID100004253,morphine,
288,CID100000271,calcium,
289,CID100123015,romiplostim,
290,CID100004635,oxycodone,
291,CID100001775,phenytoin,
292,CID100009433,aminophylline,
293,CID100002524,calcitriol,
294,CID100004775,phenylbutyric acid,
295,CID100077996,paricalcitol,
296,CID100006436,triamcinolone,
297,CID105493381,deferasirox,
298,CID100005731,zolmitriptan,
299,CID100002182,anagrelide,
300,CID106398970,cefdinir,
301,CID100005533,trazodone,NCT01142258
302,CID100005452,thioridazine,
303,CID154681041,tigecycline,
304,CID109831783,Stalevo,
305,CID105462337,olsalazine,
306,CID100031378,fludrocortisone,
307,CID100000214,alprostadil,
308,CID100027991,desmopressin,
309,CID100005719,zaleplon,
310,CID100060787,saquinavir,
311,CID100002022,acyclovir,
312,CID100002895,cyclobenzaprine,
313,CID116129616,salmon,
314,CID100213023,dabigatran etexilate,NCT03752294
315,CID144462760,dabrafenib,
316,CID100002678,cetirizine,
317,CID100071348,lanreotide,
318,CID100003476,glimepiride,
319,CID140468184,acenocoumarol,
320,CID100213046,lurasidone,
321,CID100002914,cyproterone,
322,CID105361912,rifabutin,
323,CID100004440,naratriptan,
324,CID103086257,Photofrin,
325,CID100003342,fenoprofen,
326,CID100084003,ketorolac,
327,CID100001986,acetazolamide,
328,CID100054786,treprostinil,
329,CID100004748,perphenazine,
330,CID100071360,iloperidone,
331,CID100130564,esomeprazole,
332,CID100004033,mechlorethamine,
333,CID100004649,aminosalicylic acid,
334,CID100004917,prochlorperazine,
335,CID100002179,amsacrine,
336,CID103081884,copolymer,
337,CID100003826,ketorolac,
338,CID100003938,lisuride,
339,CID100003648,hydromorphone,
340,CID100060613,cidofovir,
341,CID100001065,quinine,NCT01584440
342,CID100062819,Metrodin,
343,CID100051634,miglustat,
344,CID100000338,salicylic acid,
345,CID100003355,flecainide,
346,CID100003702,indapamide,
347,CID100002265,azathioprine,
348,CID100110634,vardenafil,
349,CID100060612,dexmedetomidine,
350,CID100005650,valsartan,
351,CID100104778,levodopa/carbidopa,
352,CID100002170,amoxapine,
353,CID100000861,liothyronine,
354,CID100003440,furosemide,
355,CID100057537,rotigotine,
356,CID100208908,lapatinib,
357,CID100003937,lisinopril,
358,CID125102847,cabozantinib,
359,CID100003640,hydrocortisone,
360,CID100005454,thiothixene,
361,CID100216237,tolvaptan,
362,CID100123631,gefitinib,
363,CID100005267,spironolactone,NCT04522739
364,CID100012597,isomannide,
365,CID111597571,crizotinib,
366,CID100003467,gentamicin,
367,CID100004927,promethazine,
368,CID100002351,bepridil,
369,CID100003724,iodixanol,
370,CID100000923,balsalazide,
371,CID100148192,atazanavir,
372,CID100005038,ramipril,
373,CID100002269,azithromycin,
374,CID100005402,terbinafine,
375,CID100055480,milnacipran,
376,CID100004211,mitotane,
377,CID100060864,olopatadine,
378,CID100002958,daunorubicin,
379,CID100005329,sulfamethoxazole,
380,CID100004536,norethisterone,
381,CID100005076,ritonavir,
382,CID100003363,floxuridine,
383,CID100003419,fosinopril,
384,CID100003706,indinavir,
385,CID100003403,fluvastatin,
386,CID100483407,maraviroc,
387,CID100071301,nebivolol,
388,CID104479097,hydroxocobalamin,
389,CID100213039,darunavir,
390,CID100002951,dantrolene,
391,CID100005726,zidovudine,
392,CID100000564,aminocaproic acid,
393,CID100004673,pamidronic acid,
394,CID100015232,benzathine,
395,CID100005401,terazosin,
396,CID100003158,doxepin,
397,CID100004509,nitrofurantoin,
398,CID100001805,azacitidine,
399,CID100003685,idarubicin,
400,CID154682541,doxycycline,
401,CID100003255,erythromycin,
402,CID109871419,ticagrelor,
403,CID100004178,mexiletine,
404,CID100065014,plerixafor,
405,CID111707110,trametinib,
406,CID100047725,goserelin,
407,CID100004174,metyrapone,
408,CID125074886,cetrorelix,
409,CID100003308,etodolac,
410,CID109853053,lomitapide,
411,CID100134780,pomalidomide,
412,CID105328940,bosutinib,
413,CID100000750,glycine,
414,CID100002578,carmustine,
415,CID100010340,sodium bicarbonate,
416,CID100157688,vinflunine,
417,CID100062959,trovafloxacin,
418,CID100002802,clonazepam,
419,CID100004609,oxaliplatin,
420,CID100016886,decitabine,
421,CID100042615,Supremon,
422,CID100005516,toremifene,
423,CID100003902,letrozole,
424,CID100042113,desflurane,
425,CID100005775,phentolamine,
426,CID100003461,gemcitabine,
427,CID100004735,pentamidine,
428,CID117754772,ruxolitinib,
429,CID100003749,irbesartan,
430,CID100004747,periciazine,
431,CID100005732,zolpidem,
432,CID100004451,nelfinavir,
433,CID100012453,zuclopenthixol,
434,CID170695640,colestyramine,
435,CID100004011,maprotiline,
436,CID100000681,dopamine,
437,CID100005584,trimipramine,
438,CID100003954,loperamide,
439,CID105381226,rifampicin,NCT00439166
440,CID100001990,acetohydroxamic acid,
441,CID111947681,nitroprusside,
442,CID100004543,nortriptyline,
443,CID100003003,betamethasone,
444,CID100010413,gamma-hydroxybutyric acid,
445,CID100005245,risedronic acid,
446,CID116129672,Insulin,
447,CID100005039,ranitidine,
448,CID100000232,arginine,
449,CID116132265,corticotropin,
450,CID100123619,etoricoxib,
451,CID100004046,mefloquine,
452,CID100004163,methysergide,
453,CID100000159,epoprostenol,
454,CID100002471,bumetanide,
455,CID100003406,fomepizole,
456,CID105487301,tegaserod,
457,CID100003325,famotidine,
458,CID100003559,haloperidol,NCT00009217
459,CID100004036,meclofenamic acid,
460,CID100150310,eplerenone,
461,CID100001875,methylprednisolone,
462,CID100003675,phenelzine,
463,CID100003736,iopromide,
464,CID100003939,LiOH,
465,CID100002160,amitriptyline,
466,CID100000738,l-glutamine,
467,CID100024841,iodide,
468,CID100004727,penicillamine,
469,CID100150610,ertapenem,
470,CID100449193,roflumilast,
471,CID100072111,rifaximin,NCT03856359
472,CID100005515,topotecan,
473,CID100004499,nisoldipine,
474,CID100060878,eprosartan,
475,CID100005408,testosterone,
476,CID100197281,gadobenic acid,
477,CID100125017,desvenlafaxine,
478,CID100077993,eletriptan,
479,CID100005300,streptozocin,
480,CID100041684,nitazoxanide,
481,CID100005394,temozolomide,
482,CID100004976,protriptyline,
483,CID100001134,telbivudine,
484,CID100156326,asenapine,
485,CID100004184,mianserin,
486,CID100003512,griseofulvin,
487,CID100150311,ezetimibe,
488,CID100010631,medroxyprogesterone,
489,CID100005717,zafirlukast,
490,CID100004473,nicardipine,
491,CID100004739,pentostatin,
492,CID100003696,imipramine,
493,CID105281007,dacarbazine,
494,CID100179344,eslicarbazepine,
495,CID100059768,esmolol,
496,CID100060852,ibandronate,
497,CID100005505,tolbutamide,
498,CID100005578,trimethoprim,
499,CID100083030,Propagermanium,
500,CID100003251,ergotamine,
501,CID100004513,nizatidine,
502,CID100002995,desipramine,
503,CID100065840,colestimide,
504,CID100003410,formoterol,
505,CID109811221,cabazitaxel,
506,CID100216210,dabigatran,
507,CID100157920,lubiprostone,
508,CID100216209,aliskiren,
509,CID100003958,lorazepam,"NCT01780519, NCT00586430"
510,CID100003249,ergocalciferol,
511,CID100007012,phenylbutyric,
512,CID100003203,efavirenz,
513,CID100002474,bupivacaine,
514,CID100003182,dyphylline,
515,CID116132418,NovoLog,
516,CID100004409,nabumetone,
517,CID100004771,phentermine,
518,CID100222786,cortisone,
519,CID100004914,procaine,
520,CID144134877,oxytetracycline,
521,CID100064147,valganciclovir,
522,CID100004044,mefenamic acid,
523,CID100020585,oxtriphylline,NCT02648906
524,CID100060867,levosimendan,
525,CID116156130,exenatide,
526,CID100002315,bendroflumethiazide,
527,CID100003151,domperidone,
528,CID100004896,prednisolone,
529,CID100065281,bacitracin,
530,CID100004539,norfloxacin,
531,CID100003125,metyrosine,
532,CID100002083,salbutamol,
533,CID100003676,lidocaine,
534,CID102723601,tioguanine,
535,CID100002367,dexamethasone,
536,CID100104849,rimonabant,
537,CID125077405,nafarelin,
538,CID100005735,eszopiclone,
539,CID100003008,dextromethorphan,
540,CID100003209,icosapent,
541,CID100057166,Photofrin,
542,CID100071273,ropivacaine,
543,CID100004834,piperacillin,
544,CID100060814,remifentanil,
545,CID100059708,levetiracetam,NCT03489044
546,CID100004746,perhexiline,
547,CID124776445,vismodegib,
548,CID100003510,granisetron,
549,CID100002891,cyanocobalamin,
550,CID100060198,exemestane,
551,CID100004138,methyldopa,
552,CID100004595,ondansetron,
553,CID116129632,oritavancin,
554,CID100082148,agomelatine,
555,CID100000119,gamma-aminobutyric acid,
556,CID100005544,triamcinolone,
557,CID100002216,apraclonidine,
558,CID100003478,glipizide,
559,CID100005508,tolmetin,
560,CID100002540,candesartan,
561,CID100005672,vinorelbine,
562,CID100060490,zileuton,
563,CID100003368,fludarabine,
564,CID111505907,Zyprexa,
565,CID100062816,colestipol,
566,CID100005564,triclosan,
567,CID100060164,adapalene,
568,CID100002369,betaxolol,
569,CID151601240,demeclocycline,
570,CID100027993,conjugated,
571,CID100003741,ioversol,
572,CID106477186,delamanid,
573,CID100004911,probenecid,
574,CID100004510,nitroglycerin,
575,CID103086685,axitinib,
576,CID100001046,pyrazinamide,
577,CID100005878,oxandrolone,
578,CID100003916,methotrimeprazine,
579,CID100003948,lomefloxacin,
580,CID100003365,fluconazole,
581,CID100072054,darifenacin,
582,CID100005206,sevoflurane,
583,CID116129629,daptomycin,
584,CID100005496,tobramycin,
585,CID100003443,fusidic acid,
586,CID111556711,carfilzomib,
587,CID100005257,sparfloxacin,
588,CID116132441,Refludan,
589,CID100145068,nitric oxide,
590,CID100004913,procainamide,
591,CID100129806,rosuvastatin,
592,CID100002232,argatroban,
593,CID100004095,methadone,
594,CID100003414,foscarnet,
595,CID100477468,micafungin,
596,CID100123611,fondaparinux,
597,CID100036811,dobutamine,
598,CID100004443,nateglinide,
599,CID106918670,ingenol mebutate,
600,CID100002341,benzphetamine,
601,CID100107969,fingolimod,
602,CID100005525,trandolapril,
603,CID100003114,disopyramide,
604,CID100004631,oxprenolol,
605,CID100003520,guanidine,
606,CID109869929,avanafil,
607,CID100071436,dinoprost tromethamine,
608,CID100208898,dronedarone,
609,CID116129682,Forteo,
610,CID100003279,ethambutol,
611,CID100004248,montelukast,NCT03991988
612,CID100032169,articaine,
613,CID125077993,Histrelin,
614,CID109887712,dapagliflozin,NCT03801642
615,CID100005379,gatifloxacin,
616,CID100062305,doxycycline,
617,CID110096344,linagliptin,
618,CID100004908,primaquine,
619,CID100208902,ramelteon,
620,CID100018140,estramustine,
621,CID100657298,propylthiouracil,
622,CID100060843,pemetrexed,
623,CID100004895,prednisolone,
624,CID100004828,pindolol,
625,CID144146714,lantus,
626,CID124812758,canagliflozin,
627,CID100004893,prazosin,"NCT03710642, NCT00161473"
628,CID100054547,cefpodoxime,
629,CID100157429,gadopentetate,
630,CID100000298,chloramphenicol,
631,CID102761171,ethionamide,
632,CID100151075,nepafenac,
633,CID100002140,diatrizoate,
634,CID100041774,acarbose,
635,CID100000137,aminolevulinic acid,
636,CID100003877,lamivudine,
637,CID156603655,pegaptanib,
638,CID100003366,flucytosine,
639,CID116129617,cosyntropin,
640,CID100003062,digoxin,
641,CID100003950,lomustine,
642,CID100005530,tranylcypromine,
643,CID100003168,droperidol,
644,CID100002676,cerivastatin,
645,CID100119182,clofarabine,
646,CID100127909,bimatoprost,
647,CID100004493,nilutamide,
648,CID100000401,cycloserine,
649,CID100003148,dolasetron,
650,CID100002161,amlexanox,
651,CID100003155,dothiepin,
652,CID100003964,loxapine,
653,CID100055466,gadopentetic acid,
654,CID100001546,cladribine,
655,CID116136245,degarelix,
656,CID100358641,trimethoprim,
657,CID100004032,mecamylamine,
658,CID100444013,gadoversetamide,
659,CID111020241,ascorbic acid,
660,CID100071329,dofetilide,
661,CID100056338,fosphenytoin,
662,CID100002173,ampicillin,
663,CID100002487,butorphanol,
664,CID100154256,bazedoxifene,
665,CID100003872,lactulose,
666,CID100004497,nimodipine,
667,CID100006503,tromethamine,
668,CID100003269,estriol,
669,CID100060184,perindopril,
670,CID100005576,trimethadione,
671,CID125074470,Triptorelin,
672,CID100096312,nelarabine,
673,CID100002656,ceftriaxone,
674,CID100000191,vidarabine,
675,CID100001993,methacholine,
676,CID100124087,desloratadine,
677,CID123668479,raltegravir,
678,CID100171558,Kaluril,
679,CID100003042,dicyclomine,
680,CID111235728,saxagliptin,
681,CID100004060,mephenytoin,
682,CID100004030,mebendazole,
683,CID100003869,labetalol,
684,CID100039860,nabilone,NCT02351882
685,CID100003066,dihydroergotamine,
686,CID100072081,terlipressin,
687,CID100000772,ardeparin,
688,CID111238823,azilsartan medoxomil,
689,CID100041781,torasemide,
690,CID110163178,afatinib,
691,CID100068844,brinzolamide,
692,CID100003734,iopamidol,
693,CID100004160,methyltestosterone,
694,CID100000699,conjugated estrogens,
695,CID100123809,Madopar,
696,CID100005771,oxytocin,
697,CID100000206,beta-d-glucose,
698,CID100040976,etonogestrel,
699,CID100060877,emtricitabine,
700,CID100002913,cyproheptadine,
701,CID100667490,mercaptopurine,
702,CID111254352,sodium,
703,CID100004634,oxybutynin,
704,CID100156418,cinacalcet,
705,CID100005051,rescinnamine,
706,CID100005078,rizatriptan,
707,CID100003340,fenoldopam,
708,CID100078032,Vallergan,
709,CID100003425,Romidepsin,
710,CID100016850,fluorescein,
711,CID100003291,ethosuximide,
712,CID100005381,tazarotene,
713,CID100002267,azelastine,
714,CID100005403,terbutaline,
715,CID100004547,repaglinide,
716,CID106445540,ixabepilone,
717,CID100134019,pixantrone,
718,CID100004058,meperidine,
719,CID100023982,gadodiamide,
720,CID100004432,nandrolone decanoate,
721,CID100003370,fludrocortisone,
722,CID116131310,hepatitis,
723,CID100002311,benazepril,
724,CID100003387,fluoxymesterone,
725,CID100003730,iohexol,
726,CID116220172,ivacaftor,
727,CID100153941,entecavir,
728,CID100003929,linezolid,
729,CID100003305,etidronic acid,
730,CID100002881,cromoglicic acid,
731,CID100003890,latanoprost,
732,CID100004603,oseltamivir,
733,CID100004034,meclizine,
734,CID100005636,unoprostone,
735,CID100002541,candesartan cilexetil,
736,CID100001983,acetaminophen,
737,CID116130199,Enfuvirtide,
738,CID100031072,carbimazole,
739,CID100014888,arsenic,
740,CID100004680,papaverine,
741,CID116130957,ganirelix,
742,CID100005297,streptomycin,
743,CID100219078,lacosamide,
744,CID100003080,dimercaprol,
745,CID100005071,rimantadine,
746,CID100005248,sodium tetradecyl sulfate,
747,CID100003156,doxapram,
748,CID100004170,metolazone,
749,CID100160352,zidovudine/lamivudine,
750,CID146181941,signifor,
751,CID100003059,diflunisal,
752,CID100003310,etoposide,
753,CID100025419,clodronic acid,
754,CID100004195,midodrine,
755,CID109831414,lovaza,
756,CID100077992,frovatriptan,
757,CID100003350,finasteride,
758,CID100002099,alosetron,
759,CID100002713,chlorhexidine,
760,CID154687131,lymecycline,
761,CID105488383,ofatumumab,
762,CID100004421,nalidixic acid,
763,CID100007029,diethylpropion,
764,CID100005478,timolol,
765,CID104479094,doxercalciferol,
766,CID100004140,methylergometrine,
767,CID100003199,trabectedin,
768,CID100006451,bromcresol,
769,CID100002732,chlorthalidone,
770,CID100003494,glycopyrronium,
771,CID111304743,riociguat,
772,CID100004736,pentazocine,
773,CID100005005,quinapril,
774,CID100000700,ethanolamine,
775,CID100001003,dihydrogenphosphate,
776,CID100002092,alfuzosin,
777,CID100121749,ustekinumab,
778,CID100119828,parecoxib,
779,CID100003202,edrophonium,
780,CID100002118,alprazolam,
781,CID100036523,gonadorelin,
782,CID100002978,dronabinol,NCT02792257
783,CID100002435,brimonidine,
784,CID100193962,etravirine,
785,CID100003367,2-fluoroadenosine,
786,CID100050294,nedocromil,
787,CID100005503,tolazamide,
788,CID100005253,sotalol,
789,CID116158207,linaclotide,
790,CID100123623,caspofungin,
791,CID100003417,fosfomycin,
792,CID105362420,verteporfin,
793,CID100002366,betahistine,
794,CID142611257,vemurafenib,
795,CID100062924,fluticasone,
796,CID100160051,colesevelam,
797,CID101349907,methimazole,
798,CID100104758,raltitrexed,
799,CID100003784,isradipine,
800,CID100003261,estazolam,
801,CID100003043,didanosine,
802,CID100002725,chlorpheniramine,
803,CID100002727,chlorpropamide,
804,CID116130295,iniprol,
805,CID100002405,bisoprolol,
806,CID100123634,Trisequens,
807,CID116132438,Humalog,
808,CID100151165,aprepitant,
809,CID100004456,neostigmine,
810,CID100000311,citric acid,
811,CID100000774,histamine,
812,CID100060183,perindopril,
813,CID106453361,Sativex,
814,CID100031264,paraldehyde,
815,CID100003171,droxidopa,
816,CID100036339,etomidate,
817,CID100006432,perflutren,
818,CID100005215,sulfadiazine,
819,CID100002522,calcipotriol,
820,CID100005155,stavudine,
821,CID100004171,metoprolol,
822,CID100023703,ogen,
823,CID106435110,ivermectin,
824,CID105362070,balsalazide,
825,CID100002088,alendronic acid,
826,CID100072938,gemifloxacin,
827,CID100022318,sodium aurothi.,
828,CID100000951,norepinephrine,
829,CID100003777,isopropyl,
830,CID106918313,vilazodone,
831,CID104474778,2-hydroxysuccinaldehyde,
832,CID106102852,gadobutrol,
833,CID100005106,roxithromycin,
834,CID100004107,methocarbamol,
835,CID100004782,phenylephrine,
836,CID100002583,carteolol,
837,CID151508717,tenoxicam,
838,CID100004763,phenobarbital,
839,CID100074989,atovaquone,
840,CID153477714,heparin,
841,CID109865528,mirabegron,
842,CID110028615,vorapaxar,
843,CID100147740,drospirenone,
844,CID100005486,tirofiban,
845,CID100123610,Eptifibatide,
846,CID100003661,hyoscyamine,
847,CID100443379,CAS,
848,CID100003827,ketotifen,
849,CID100003381,fluocinolone acetonide,
850,CID103010818,telaprevir,
851,CID100114709,eslicarbazepine,
852,CID105251896,vildagliptin,
853,CID100002249,atenolol,
854,CID106850789,iron,
855,CID100002812,clotrimazole,
856,CID100004197,milrinone,
857,CID100001798,methazolamide,
858,CID100132971,abiraterone,
859,CID100004993,pyrimethamine,
860,CID100065866,lercanidipine,
861,CID115951529,enzalutamide,
862,CID100002476,buprenorphine,
863,CID100002751,cilazapril,
864,CID100003738,iotrolan,
865,CID100005546,triamterene,
866,CID100123597,travoprost,
867,CID100005161,salsalate,NCT03277573
868,CID100003268,estramustine,
869,CID100024450,potassium,
870,CID100005430,thiabendazole,
871,CID116129690,ziconotide,
872,CID100005410,testosterone propionate,
873,CID100121396,carglumic acid,
874,CID100219024,regadenoson,
875,CID100132804,pitavastatin,
876,CID100005468,tiaprofenic acid,
877,CID100054331,fosfomycin,
878,CID100041744,valrubicin,
879,CID100002826,cocaine,
880,CID100005647,valaciclovir,
881,CID100004845,pirbuterol,
882,CID100000698,estrone,
883,CID100123606,almotriptan,
884,CID100000158,dinoprostone,
885,CID100004638,oxymetholone,
886,CID100003780,isosorbide dinitrate,
887,CID100004768,phenoxybenzamine,
888,CID100023897,molindone,
889,CID116004692,macitentan,
890,CID100003038,diclofenamide,
891,CID105359596,arsenic,
892,CID106333887,auranofin,
893,CID100006049,edetic acid,
894,CID100060754,gadodiamide,
895,CID116129703,Revasc,
896,CID116126651,ibrutinib,
897,CID100004868,polymyxin b,
898,CID100054313,iloprost,
899,CID122834577,nesiritide,
900,CID100012460,phendimetrazine,
901,CID103006171,rilpivirine,
902,CID100002019,dactinomycin,
903,CID100005152,salmeterol,
904,CID100102258,rasburicase,
905,CID100002789,clobazam,
906,CID111597697,lisdexamfetamine,
907,CID100004614,oxaprozin,
908,CID100131535,fosamprenavir,
909,CID100060496,amlodipine,
910,CID100004639,oxymorphone,
911,CID100005407,testolactone,
912,CID109831761,irbesartan-hydrochlorothiazide,
913,CID100002733,chlorzoxazone,
914,CID100000813,potassium,
915,CID100002675,cefixime,
916,CID100002712,chlordiazepoxide,
917,CID100037392,halofantrine,
918,CID100023957,technetium-99m,
919,CID100003647,hydroflumethiazide,
920,CID100166548,anidulafungin,
921,CID100006476,methsuximide,
922,CID100045469,sodium,
923,CID116129665,vitrum,
924,CID105464096,ramiprilat,
925,CID100060146,tamsulosin,
926,CID100002576,carisoprodol,
927,CID100004811,physostigmine,
928,CID109815559,streptase,
929,CID100030623,dexrazoxane,
930,CID100000303,cholic acid,
931,CID100065157,testosterone,
932,CID100004454,framycetin,
933,CID100005596,trospium,
934,CID100005470,tibolone,
935,CID100014789,ferumoxytol,
936,CID111672461,gadofosveset,
937,CID100019090,megestrol,
938,CID100656892,bedaquiline,
939,CID100003623,homatropine,
940,CID100004812,phylloquinone,
941,CID100003759,isocarboxazid,
942,CID100158786,pegaptanib,
943,CID100003405,folic acid,
944,CID100003267,estradiol,
945,CID100197712,ambrisentan,
946,CID100060830,tiotropium,
947,CID100128549,trandolaprilat,
948,CID100003918,levorphanol,
949,CID100000753,glycerin,
950,CID100002307,beclomethasone dipropionate,
951,CID100004865,podofilox,
952,CID100000453,mannitol,
953,CID100005582,trimetrexate,
954,CID110465263,lorcaserin,
955,CID116134956,liraglutide,
956,CID100004201,minoxidil,
957,CID100001978,acebutolol,
958,CID100005314,succinylcholine,
959,CID100107994,quinaprilat,
960,CID100003348,fexofenadine,
961,CID100022258,hydrocodone,
962,CID100002370,bethanechol,
963,CID109940864,Benicar-HCT,
964,CID100009354,succimer,
965,CID100003016,diazepam,
966,CID170683024,pegfilgrastim,
967,CID100004870,polythiazide,
968,CID100004139,methylthioninium,
969,CID100003241,epinastine,
970,CID103055172,pimecrolimus,
971,CID100002171,amoxicillin,
972,CID100002749,ciclopirox,
973,CID100008197,tetraen,
974,CID100163296,tipranavir,
975,CID100007638,monobenzone,
976,CID100004436,naphazoline,
977,CID100003384,fluorometholone,
978,CID100004422,nalmefene,
979,CID100000727,lindane,
980,CID100051577,miglitol,
981,CID100444006,cefditoren,
982,CID100060871,adefovir dipivoxil,
983,CID103080904,Estrofem,
984,CID100148211,palonosetron,
985,CID100004891,praziquantel,
986,CID100005396,teniposide,
987,CID100038904,carboplatin,
988,CID100003399,fluticasone propionate,
989,CID100060751,mTHPC,
990,CID100024748,d-glucose,
991,CID100004909,primidone,
992,CID100004121,methyclothiazide,
993,CID100005721,zanamivir,
994,CID100003154,dorzolamide,
995,CID100130881,olmesartan,
996,CID105487068,Mersyndol,
997,CID105479141,L-MTP-PE,
998,CID100005572,trihexyphenidyl,
999,CID100003957,loratadine,
1000,CID106433091,tapentadol,
1001,CID125094462,sofosbuvir,
1002,CID105327147,polyoxyethylene,
1003,CID100004062,mepivacaine,
1004,CID100003040,dicloxacillin,
1005,CID100060752,ibutilide,
1006,CID100040973,desogestrel,
1007,CID100004756,phenazopyridine,
1008,CID124822371,florbetapir,
1009,CID100013314,lormetazepam,
1010,CID103325225,AC1NRCW9,
1011,CID100002617,cefazolin,
1012,CID100023978,copper,
1013,CID100003998,mafenide,
1014,CID100121892,ezogabine,
1015,CID100208920,NuvaRing,
1016,CID100002786,clindamycin,
1017,CID100002631,cefotaxime,
1018,CID100009904,nandrolone,
1019,CID100132999,ivabradine,
1020,CID100001130,thiamine,
1021,CID100002720,chlorothiazide,
1022,CID100159247,sevelamer,
1023,CID100040159,permethrin,
1024,CID100062956,fosinoprilat,
1025,CID100002431,bretylium,
1026,CID106918182,strontium,
1027,CID100002654,ceftibuten,
1028,CID100004992,mepyramine,
1029,CID100002274,aztreonam,
1030,CID156842239,n-3 PUFAs ,
1031,CID100441332,carboprost,
1032,CID100003373,flumazenil,
1033,CID100153994,clevidipine,
1034,CID113559279,ulipristal,
1035,CID100216258,colistimethate,
1036,CID100003746,ipratropium,
1037,CID100005409,testosterone,
1038,CID100002391,bisacodyl,
1039,CID100005391,temazepam,
1040,CID111163584,alogliptin,
1041,CID100152945,dutasteride,
1042,CID100002828,codeine,
1043,CID100002344,benzatropine,
1044,CID100060714,gadoteridol,
1045,CID100001206,metamfetamine,
1046,CID100000961,hydroxyl,
1047,CID111949646,empagliflozin,
1048,CID100051263,alfentanil,
1049,CID106433101,tafluprost,
1050,CID100004463,nevirapine,
1051,CID100002082,albendazole,
1052,CID110482134,glycerol phenylbutyrate,
1053,CID100004506,nitrazepam,
1054,CID111979316,vasopressin,
1055,CID106918558,fesoterodine,
1056,CID100003743,ioxilan,
1057,CID100010100,dextropropoxyphene,
1058,CID100002266,azelaic acid,
1059,CID100003292,ethotoin,
1060,CID100072022,perindoprilat,
1061,CID100031477,metipranolol,
1062,CID100003742,ioxaglate,
1063,CID106918638,belinostat,
1064,CID100001971,abacavir,
1065,CID100004724,penbutolol,
1066,CID103081362,telavancin,
1067,CID100032281,Protirelin,
1068,CID106918430,ceftobiprole,
1069,CID100119830,tenofovir,
1070,CID100104741,fulvestrant,
1071,CID100004048,megestrol,
1072,CID144564107,mipomersen,
1073,CID100148127,ospemifene,
1074,CID100003783,isoxsuprine,
1075,CID111001318,tafamidis,
1076,CID100071362,icatibant,
1077,CID100002655,ceftizoxime,
1078,CID100004906,prilocaine,
1079,CID116139342,Lyxumia,
1080,CID100000948,nitrous,
1081,CID100005359,suprofen,
1082,CID124965990,suvorexant,
1083,CID154677977,teriflunomide ,
1084,CID100064929,fenofibric,
1085,CID111519069,umeclidinium,
1086,CID100003763,isoflurane,
1087,CID100002551,carbamoylcholine,
1088,CID100000598,mesna,
1089,CID106331630,eribulin,
1090,CID100004189,miconazole,
1091,CID100004601,orphenadrine,
1092,CID100002609,cefaclor,
1093,CID100157921,methyl aminolevulinate,
1094,CID124762228,azarga,
1095,CID100003009,l-eflornithine,
1096,CID100151171,conivaptan,
1097,CID100060936,tiludronic acid,
1098,CID100010547,echothiophate,
1099,CID100003100,diphenhydramine,
1100,CID100002177,amprenavir,
1101,CID103052762,prucalopride,
1102,CID100002658,cefuroxime,
1103,CID100063001,benazeprilat,
1104,CID100006116,calcium acetate,
1105,CID109930048,vernakalant,
1106,CID103085017,sevelamer,
1107,CID100002781,clemastine,
1108,CID100006726,cyclizine,
1109,CID100069512,malvidin,
1110,CID100002547,capreomycin,
1111,CID100029089,chlorhexidine,
1112,CID100003219,emedastine,
1113,CID100004411,nadolol,
1114,CID100000815,kanamycin,
1115,CID100004737,pentobarbital,
1116,CID100003928,lincomycin,
1117,CID109854489,fluticasone furoate,
1118,CID100000312,codeine,
1119,CID106440191,fidaxomicin,
1120,CID100047528,nicorandil,
1121,CID100002905,cyclopentolate,
1122,CID100060172,adefovir,
1123,CID100004043,medrysone,
1124,CID100064987,tenofovir disoproxil,
1125,CID100060860,iobenguane,
1126,CID100105145,gallium,
1127,CID100004689,paromomycin,
1128,CID109924495,perampanel,
1129,CID100005577,trimethobenzamide,
1130,CID100005483,tiopronin,
1131,CID100002142,amikacin,
1132,CID105353894,pralidoxime,
1133,CID100003830,cytokinin,
1134,CID100000247,betaine,
1135,CID100000222,ammonia,
1136,CID106326970,selenium,
1137,CID100004064,meprobamate,
1138,CID100002663,celiprolol,
1139,CID100003598,hexachlorophene,
1140,CID100005746,mitomycin,
1141,CID100047640,naftifine,
1142,CID100071469,erythromycin,
1143,CID100032603,clindamycin,
1144,CID100004264,mupirocin,
1145,CID100002650,ceftazidime,
1146,CID100004419,nalbuphine,
1147,CID100444033,ciclesonide,
1148,CID105310993,acipimox,
1149,CID100002792,clobetasone,
1150,CID100004114,methoxsalen,
1151,CID100003250,ergometrine,
1152,CID100004274,tetrofosmin,
1153,CID109912092,apremilast,
1154,CID100027400,pizotifen,
1155,CID100168924,lanthanum,
1156,CID100003256,monomycin,
1157,CID100002308,beclomethasone,
1158,CID100002163,amobarbital,
1159,CID100061799,monomethylfumarate,
1160,CID100001071,vitamin a,
1161,CID100023951,samarium,
1162,CID100071316,mivacurium,
1163,CID100002646,cefprozil,
1164,CID111228026,aclidinium,
1165,CID100122197,ioflupane i-123,
1166,CID100455658,hemin,
1167,CID100005565,trien,
1168,CID100001084,thiosulfate,
1169,CID100003379,flunisolide,
1170,CID144201342,tesamorelin,
1171,CID100024087,selenium,
1172,CID100104799,fotemustine,
1173,CID100002791,clobetasol propionate,
1174,CID100006468,phencyclidine,
1175,CID100002564,carbinoxamine,
1176,CID100003105,dipivefrin,
1177,CID100012620,docosanol,
1178,CID144564722,Promacta,
1179,CID100656628,silodosin,
1180,CID100517045,sodium,
1181,CID106918584,sugammadex,
1182,CID100008230,argenine,
1183,CID100008612,chloroprocaine,
1184,CID100003324,famciclovir,
1185,CID100003737,sodium,
1186,CID100004086,orciprenaline,
1187,CID100123620,mometasone,
1188,CID100219090,fosaprepitant,
1189,CID100004675,pancuronium,
1190,CID100168625,poly(styrene,
1191,CID116132283,glucagon,
1192,CID100047419,cefuroxime,
1193,CID100039524,stiripentol,
1194,CID100005214,silver sulfadiazine,
1195,CID100219084,Gd-EOB-DTPA,
1196,CID100002559,carbenicillin,
1197,CID105277135,elvitegravir,
1198,CID100055331,moexiprilat,
1199,CID100005193,secobarbital,
1200,CID100000612,d-lactic acid,
1201,CID106328144,radium,
1202,CID100025959,Prussian,
1203,CID111531537,eliglustat,
1204,CID109794842,tasimelteon,
1205,CID100004192,midazolam,
1206,CID100004031,mebeverine,
1207,CID100003263,estradiol,
1208,CID100148121,pralatrexate,
1209,CID100060726,bromfenac,
1210,CID100040632,pirfenidone,
1211,CID106433117,indacaterol,
1212,CID100003914,levobunolol,
1213,CID100023954,silver,
1214,CID100004786,phenylpropanolamine,
1215,CID116213095,pentastarch,
1216,CID100024414,barium,
1217,CID100024424,zinc,
1218,CID100060695,rocuronium,
1219,CID100003915,levocabastine,
1220,CID100000175,acetic acid,
1221,CID100003658,hydroxyzine,
1222,CID105361917,methylnaltrexone,
1223,CID100012559,erythromycin,
1224,CID100005651,vancomycin,
1225,CID100000946,nitrite,
1226,CID100160036,MnDPDP,
1227,CID116132446,Symlin,
1228,CID100004923,proguanil,
1229,CID111593706,sevelamer,
1230,CID106918462,retapamulin,
1231,CID100023993,yttrium,
1232,CID100023926,lanthanum,
1233,CID100107694,Diane-35,
1234,CID100000767,bicarbonate,
1235,CID106918366,fosaprepitant,
1236,CID100005411,tetracaine,
1237,CID100002479,butabarbital,
1238,CID100000143,leucovorin,
1239,CID146216142,dolutegravir,
1240,CID100004004,malathion,
1241,CID105488547,alvimopan,
1242,CID119371515,alcaftadine,
1243,CID100015459,metaxalone,
1244,CID100002610,cefadroxil,
1245,CID100041693,sufentanil,
1246,CID100073658,telithromycin,
1247,CID100005320,sulfacetamide,
1248,CID111234049,tedizolid,
1249,CID106433082,hexaminolevulinate,
1250,CID100004607,oxacillin,
1251,CID100002123,altretamine,
1252,CID100002350,bepotastine,
1253,CID106328526,AC1O3HA7,
1254,CID100002484,butenafine,
1255,CID100003226,enflurane,
1256,CID100005479,tinidazole,
1257,CID100003364,flucloxacillin,
1258,CID100083513,barium,
1259,CID100024706,Triphasil,
1260,CID100047319,atracurium besylate,
1261,CID100007699,benzonatate,
1262,CID100003462,gemeprost,
1263,CID100060668,etoposide,
1264,CID153627505,hydroxypropyl,
1265,CID100005593,tropicamide,
1266,CID100003060,difluprednate,
1267,CID100028332,propoxyphene,
1268,CID100068613,atosiban,
1269,CID100004101,methenamine,
1270,CID100001054,pyridoxine,
1271,CID100060706,meropenem,
1272,CID100004989,pyrantel,
1273,CID100002666,cephalexin,
1274,CID100005184,scopolamine,
1275,CID100027304,HMDP,
1276,CID100002141,amifostine,
1277,CID100077997,MK-462,
1278,CID100071406,TPGS,
1279,CID100040703,pinaverium,
1280,CID100064778,Meropenem,
1281,CID103081276,fluticasone/salmeterol,
1282,CID100044563,lodoxamide,
1283,CID100062965,beclomethasone,
1284,CID109966051,vortioxetine,
1285,CID100001727,dalfampridine,
1286,CID116158473,Secrelux,
1287,CID109898619,Depreotide,
1288,CID105273759,abacavir-lamivudine,
1289,CID100000679,dimethyl sulfoxide,
1290,CID100017358,SonoVue,
1291,CID100000297,graphene,
1292,CID111722286,spinosad,
1293,CID100004730,phenoxymethylpenicillin,
1294,CID100061475,sodium,
1295,CID124950485,cobicistat,
1296,CID109800339,olodaterol,
1297,CID100002441,bromazepam,
1298,CID144201343,ecallantide,
1299,CID100000888,magnesium cation,
1300,CID100006238,17-hydroxyprogesterone,
1301,CID100004934,propantheline,
1302,CID100003636,Buscopan,
1303,CID100002622,cefepime,
1304,CID100039764,vecuronium,
1305,CID100057697,pemirolast,
1306,CID100154058,solifenacin,
1307,CID100004935,proparacaine,
1308,CID100002883,crotamiton,
1309,CID123689036,pertechnetate,
1310,CID104517618,sodium,
1311,CID100192155,Prednefrin,
1312,CID100010660,dimenhydrinate,
1313,CID100005556,triazolam,
1314,CID100003516,guaifenesin,
1315,CID100054949,trimetrexate g.,
1316,CID100044564,lodoxamide,
1317,CID100032800,pancreozymin,
1318,CID100006256,trifluridine,
1319,CID100012555,benzydamine,
1320,CID100083606,strontium,
1321,CID100008982,nafcillin,
1322,CID100021945,methenamine,
1323,CID144567678,dalbavancin,
1324,CID100003687,idoxuridine,
1325,CID100003393,flurazepam,
1326,CID124838347,glucagon,
1327,CID100003382,fluocinonide,
1328,CID100135113,sacrosidase,
1329,CID105360237,Paroven,
1330,CID124846132,hetastarch,
1331,CID106452749,Locorten,
1332,CID100005727,ZnCl2,
1333,CID100032797,clobetasol,
1334,CID100054158,mebrofenin,
1335,CID100005939,biguanide,
1336,CID100016124,methylene,
1337,CID100065628,bendamustine,
1338,CID116132344,Amunin,
1339,CID100002168,amorolfine,
1340,CID109825285,azilsartan,
1341,CID100002148,aminohippuric acid,
1342,CID116131215,Abarelix,
1343,CID100000146,5-methyltetrahydrofolic acid,
1344,CID109810131,ceftaroline fosamil,
1345,CID100004240,mometasone,
1346,CID100005524,tramazoline,
1347,CID100003053,diethylenetriaminepentaacetic,
1348,CID100014917,fluoride,
1349,CID100050614,cefotetan,
1350,CID116139605,teduglutide,
1351,CID100005238,sodium,
1352,CID100004695,isosulfan,
1353,CID100047471,butoconazole,
1354,CID100005404,terconazole,
1355,CID100023976,chromium,
1356,CID100005512,tolterodine,
1357,CID100000160,prostaglandin,
1358,CID100003198,econazole,
1359,CID100002345,benzyl benzoate,
1360,CID100441382,natamycin,
1361,CID111501341,florbetaben,
1362,CID100004725,penciclovir,
1363,CID100002637,cefoxitin,
1364,CID110107393,18F-flutemetamol,
1365,CID106437075,Timentin,
1366,CID100009034,methohexital,
1367,CID100005419,tetrahydrozoline,
1368,CID100002021,spectinomycin,
1369,CID100011973,Brolene,
1370,CID100005595,tropisetron,
1371,CID100003354,flavoxate,
1372,CID100000785,quinol,
1373,CID100004616,oxazepam,
1374,CID100024642,Thallium-201,
1375,CID100004810,moxonidine,
1376,CID100005333,sulfanilamide,
1377,CID100002762,cinoxacin,
1378,CID100022502,procaine,
1379,CID116129701,teichomycin,
1380,CID100065863,sertaconazole,
1381,CID100003739,iodipamide,
1382,CID100119212,benzylpenicilloyl,
1383,CID100003553,halcinonide,
1384,CID100012536,desonide,
1385,CID100062358,ammonium lactate,
1386,CID100102399,dextran,
1387,CID100002442,bromhexine,
1388,CID100003848,(s)-3-phenyllactic acid,
1389,CID100005318,sulconazole,
1390,CID100003380,flunitrazepam,
1391,CID116065945,simeprevir,
1392,CID103038497,fospropofol,
1393,CID100004057,mepenzolate,
1394,CID100000187,acetylcholine,
1395,CID100039507,rimexolone,
1396,CID110178705,besifloxacin,
1397,CID100315411,2-deoxy-2-fluoro-Î²-d-galactose,
1398,CID100047320,cisatracurium,
1399,CID100489129,efinaconazole,
1400,CID100003000,desoximetasone,
1401,CID100004623,oxiconazole,
1402,CID100004999,quazepam,
1403,CID100214339,luliconazole,
1404,CID100002133,amcinonide,
1405,CID100004568,nystatin,
1406,CID100004450,nefopam,
1407,CID111499245,tavaborole,
1408,CID100000244,benzyl alcohol,
1409,CID100004120,methscopolamine bromide,
1410,CID100003642,hydrocortisone,
1411,CID100021800,betamethasone,
1412,CID100002337,benzocaine,
1413,CID100003063,dihydrocodeine,
1414,CID100004678,dexpanthenol,
1415,CID100073303,doripenem,
1416,CID100002809,clorazepic acid,
1417,CID100185457,S-benzoylm.ylt.,
1418,CID100003392,flurandrenolide,
1419,CID100054808,loteprednol,
1420,CID100016533,betamethasone,
1421,CID100007187,benzoyl,
1422,CID100052421,prednicarbate,
1423,CID100020969,clocortolone,
1424,CID100042395,Westcort,
1425,CID105311167,halobetasol,
1426,CID100003375,diflorasone,
1427,CID104630253,alclometasone,
1428,CID100003056,diflorasone,
1429,CID100091488,fluocinolone,
1430,CID100002085,Almeta,
